0,0,216.65,5469.100751,216.65,5469.100751,324.192748,19467.33137,638.5531835,164682.2622,3.559512295,8.459416399,30.11139668,1305,164682.2622,6.023540272,1050.96711,58069.92412,914.8798666,29783.70854,1.949721071,2.835930384,914.8798666,5469.100751,618.7331897,858.2630721,1.832415577,5.445814568,245.8047343,8140.204328,1.488399027,245.8047343,8140.204328,219.4026397,5469.100751,230.3653841,1.892929159,1.488399044,6231.440866,1.627911562e-05,433.7287938,0.021800434,2.0875647,0,0.45198526,0,1.0761864,1.2964104,0.015255964,0.0029784375,179.55489,179.55489,70.552494,38.783983,18.06269,0.10158047,0.06975507,1.4362629,1.1713131,4.6532261,9.7139106,0.10144235,4.5517837,0.044572568,0.65935752
0.1,29.504232,216.65,5469.100751,217.0833,5507.480262,324.5193058,19542.82928,638.8797413,165063.0862,3.548415673,8.446222595,29.97070863,1305,165063.0862,6.011517238,1050.96711,58204.20951,914.8798682,29852.58295,1.949721054,2.835930384,914.8798682,5469.100751,618.4034725,858.7407185,1.832415577,5.458407938,246.2090966,8188.184888,1.486738861,246.2090966,8188.184888,219.3948664,5469.100751,232.1564186,1.892929159,1.497172069,5846.069493,1.738608561e-05,405.2137138,0.021792572,2.0933036,0.087266599,0.4522369,0.039465176,1.1493664,1.2111792,0.015235872,0.0029752895,179.97011,179.97011,70.715645,38.873671,18.15423,0.10181538,0.070108583,1.4343713,1.1700751,4.6639866,9.7631399,0.10164027,4.5623463,0.044556137,0.65911446
0.2,59.008464,216.65,5469.100751,218.3832,5623.773052,325.5000631,19770.74883,639.8604985,166209.5299,3.515566622,8.406840397,29.55480749,1305,166209.5299,5.975734397,1050.96711,58608.46616,914.8798648,30059.92317,1.949721089,2.835930384,914.8798648,5469.100751,617.4165073,860.168893,1.832415577,5.496319146,247.4224773,8333.367825,1.481810701,247.4224773,8333.367825,219.371743,5469.100751,237.4488912,1.892929159,1.523718104,5531.229442,1.84832911e-05,378.6377869,0.021768962,2.1105305,0.1638998,0.45298948,0.074244887,1.2219009,1.131744,0.015172839,0.0029658882,181.22009,181.22009,71.206799,39.143667,18.430759,0.10252253,0.07117649,1.4284371,1.1663779,4.6963802,9.9118539,0.10223532,4.5941449,0.044506791,0.65838449
0.3,88.512696,216.65,5469.100751,220.5497,5821.476478,327.1382445,20155.39976,641.49868,168133.5676,3.462248768,8.34186221,28.88160216,1305,168133.5676,5.917033666,1050.96711,59286.91641,914.8798664,30407.89642,1.949721072,2.835930384,914.8798664,5469.100751,615.7788028,862.5335041,1.832415577,5.559944459,249.4457506,8579.510475,1.47376878,249.4457506,8579.510475,219.3338476,5469.100751,246.0181397,1.892929159,1.568724159,5277.927398,1.955908794e-05,353.8932621,0.021729526,2.139275,0.23168976,0.45423612,0.10524186,1.2930202,1.0577829,0.015059581,0.0029503607,183.31789,183.31789,72.031088,39.596793,18.898037,0.10370933,0.07298104,1.4177745,1.1602715,4.7507454,10.163151,0.10323145,4.647514,0.044424373,0.65716527
0.4,118.01693,216.65,5469.100751,223.5828,6106.535195,329.4392561,20704.09645,643.7996916,170855.4519,3.390481802,8.252253477,27.97911524,1305,170855.4519,5.83676383,1050.96711,60246.70171,914.8798646,30900.16412,1.949721092,2.835930384,914.8798646,5469.100751,613.5009719,865.8116225,1.832415577,5.649953351,252.2803822,8932.991008,1.462857008,252.2803822,8932.991008,219.2821104,5469.100751,257.5393684,1.892929159,1.633356454,5078.185881,2.060484326e-05,330.828264,0.021674133,2.1795804,0.29212889,0.45596554,0.13320071,1.3621534,0.98884191,0.014886803,0.0029289143,186.28559,186.28559,73.197185,40.237818,19.565791,0.10538826,0.075559791,1.4015084,1.1518374,4.8276543,10.522261,0.10463522,4.7230191,0.044308617,0.65545292
0.5,147.52116,216.65,5469.100751,227.4825,6487.51643,332.4106586,21427.34478,646.771094,174404.1,3.302857883,8.139323922,26.88303018,1305,174404.1,5.736705021,1050.96711,61498.01877,914.8798677,31541.9575,1.949721059,2.835930384,914.8798677,5469.100751,610.5974441,869.972307,1.832415577,5.767302329,255.9284216,9402.982486,1.449396344,255.9284216,9402.982486,219.2177652,5469.100751,271.6402392,1.892929159,1.719292241,4925.078226,2.161508524e-05,309.2754045,0.021602602,2.2314968,0.34642518,0.45816241,0.158719,1.4289389,0.92442066,0.014646147,0.0029018318,190.15472,190.15472,74.717484,41.073554,20.447896,0.10757717,0.078966331,1.378852,1.1411869,4.9279242,10.996647,0.10645599,4.8214683,0.044159157,0.65324196
0.6,177.02539,216.65,5469.100751,232.2488,6975.858661,336.0621813,22339.12134,650.4226168,178817.6829,3.202347184,8.004687389,25.63378812,1305,178817.6829,5.618974135,1050.96711,63054.32738,914.8798684,32340.17876,1.949721053,2.835930384,914.8798684,5469.100751,607.0860665,874.9775901,1.832415577,5.913253427,260.3925066,10001.70254,1.433759409,260.3925066,10001.70254,219.142289,5469.100751,287.9460667,1.892929159,1.828765457,4812.748796,2.258706781e-05,289.0752018,0.021514698,2.2950694,0.39553739,0.46080768,0.18226667,1.4931951,0.86404248,0.014332568,0.002869463,194.9669,194.9669,76.608333,42.112988,21.56264,0.11029958,0.083271289,1.3493303,1.1284574,5.0526335,11.596144,0.10870588,4.9439276,0.043975516,0.65052539
0.7,206.52962,216.65,5469.100751,237.8817,7586.196965,340.4056554,23457.22719,654.7660909,184144.3194,3.092093086,7.850216818,24.27360115,1305,184144.3194,5.485920102,1050.96711,64932.59511,914.8798666,33303.53049,1.94972107,2.835930384,914.8798666,5469.100751,602.9876966,880.7836232,1.832415577,6.089397874,265.6758445,10744.7392,1.416353807,265.6758445,10744.7392,219.0573336,5469.100751,306.1097956,1.892929159,1.964626305,4736.375617,2.352008887e-05,270.0900295,0.021410137,2.3703261,0.4402204,0.46387907,0.20420903,1.5548756,0.80729602,0.013951002,0.0028322166,200.77459,200.77459,78.890348,43.367453,22.933065,0.1135852,0.088563636,1.3134081,1.1138097,5.2031417,12.333143,0.11139998,5.0917418,0.043757119,0.64729466
0.8,236.03386,216.65,5469.100751,244.3812,8336.769091,345.4549188,24803.73451,659.8153542,190442.9237,2.975221484,7.677993957,22.84373257,1305,190442.9237,5.340017972,1050.96711,67153.59613,914.8798671,34442.66839,1.949721066,2.835930384,914.8798671,5469.100751,598.3257816,887.341833,1.832415577,6.297684017,271.7821868,11651.45974,1.397598958,271.7821868,11651.45974,218.9646528,5469.100751,325.8270142,1.892929159,2.130415999,4692.080194,2.441482028e-05,252.2091697,0.021288585,2.4572627,0.4810705,0.46735144,0.22482899,1.6140249,0.75385033,0.013539308,0.0027905505,207.64203,207.64203,81.58877,44.850824,24.587371,0.11747035,0.094952289,1.2746494,1.0974239,5.3811137,13.22281,0.11455629,5.2665574,0.043503293,0.64353983
0.9,265.53809,216.65,5469.100751,251.7473,9249.907125,351.2256649,26405.52772,665.5861004,197784.1809,2.854680308,7.490256698,21.3822883,1305,197784.1809,5.183769598,1050.96711,69742.2553,914.8798665,35770.37573,1.949721072,2.835930384,914.8798665,5469.100751,593.1259658,894.6000237,1.832415577,6.540449217,278.7157879,12745.50743,1.377906483,278.7157879,12745.50743,218.866034,5469.100751,346.8400285,1.892929159,2.330457603,4676.80658,2.527277604e-05,235.3476986,0.021149664,2.5558266,0.5185644,0.47119722,0.2443461,1.670743,0.70345159,0.013112534,0.0027449615,215.64628,215.64628,84.733881,46.579749,26.55942,0.12199863,0.10256801,1.2344711,1.0794954,5.5885467,14.283356,0.11819589,5.4703508,0.043213274,0.63924962
1,295.04232,216.65,5469.100751,259.98,10352.62028,357.7351973,28294.93777,672.0956327,206251.6146,2.733118476,7.289346819,19.92264847,1305,206251.6146,5.019616894,1050.96711,72728.02456,914.8798686,37301.7589,1.949721051,2.835930384,914.8798686,5469.100751,587.4157644,902.5033971,1.832415577,6.82045561,286.4813388,14055.39125,1.357671051,286.4813388,14055.39125,218.7632331,5469.100751,368.9354855,1.892929159,2.569963856,4688.19136,2.609594385e-05,219.4420853,0.020992959,2.6659009,0.55308994,0.47538677,0.26293164,1.7251613,0.65590989,0.012679765,0.0026959752,224.87842,224.87842,88.361465,48.573897,28.8893,0.12722157,0.11156562,1.1937283,1.0602308,5.8278007,15.536339,0.12234278,5.7054579,0.042886226,0.63441163
1.1,324.54655,216.65,5469.100751,269.0793,11677.27504,365.0021319,30510.48504,679.3625674,215942.7768,2.612808633,7.077657944,18.49256578,1305,215942.7768,4.849871395,1050.96711,76145.30244,914.8798686,39054.45984,1.94972105,2.835930384,914.8798686,5469.100751,581.2242868,910.9954174,1.832415577,7.140928942,295.0838863,15615.17682,1.337227824,295.0838863,15615.17682,218.6579207,5469.100751,391.9390143,1.892929159,2.855163496,4724.43978,2.688655255e-05,204.4446786,0.02081802,2.7872894,0.58496915,0.47988863,0.28072004,1.7774272,0.61108282,0.012248902,0.0026441355,235.4448,235.4448,92.513312,50.856243,31.623971,0.13319934,0.12212646,1.1531649,1.0398441,6.1016321,17.007014,0.1270239,5.9746082,0.042521248,0.62901255
1.2,354.05078,216.65,5469.100751,279.0452,13262.3793,373.04601,33097.72548,687.4064454,226970.5091,2.495609929,6.85758631,17.11386049,1305,226970.5091,4.676661702,1050.96711,80033.87897,914.8798683,41048.88689,1.949721053,2.835930384,914.8798683,5469.100751,574.5820331,920.0185589,1.832415577,7.505600785,304.5287281,17465.28343,1.316904238,304.5287281,17465.28343,218.5516374,5469.100751,415.7089754,1.892929159,3.193447009,4784.213716,2.764693886e-05,190.3183484,0.020624378,2.9197029,0.61447483,0.48466979,0.29781739,1.8276951,0.56885937,0.011826527,0.002589995,247.46846,247.46846,97.237768,53.453362,34.817995,0.14000155,0.13446124,1.1134007,1.0185525,6.4132293,18.724724,0.13226886,6.2809604,0.042117401,0.62303848
1.3,383.55501,216.65,5469.100751,289.8777,15153.47794,381.8868759,36110.21632,696.2473114,239464.3143,2.382965578,6.631483793,15.80259761,1305,239464.3143,4.501898559,1050.96711,84439.41911,914.879865,43308.46071,1.949721088,2.835930384,914.879865,5469.100751,567.5207245,929.5149104,1.832415577,7.918753498,314.821298,19653.39627,1.296956135,314.821298,19653.39627,218.4457618,5469.100751,440.1304667,1.892929159,3.59353341,4866.533506,2.837947764e-05,177.0319454,0.02041155,3.0627485,0.64184242,0.48969582,0.31430755,1.8761221,0.52914647,0.011417874,0.0025341045,261.09059,261.09059,102.59031,56.395751,38.53433,0.14770806,0.1488131,1.0749284,0.99657281,6.7662514,20.723327,0.13810968,6.6281417,0.041673725,0.61647522
1.4,413.05925,216.65,5469.100751,301.5768,17404.16722,391.5448067,39610.59779,705.9052422,253571.8006,2.275926063,6.401615092,14.56960263,1305,253571.8006,4.327255943,1050.96711,89413.97222,914.8798656,45859.87867,1.949721081,2.835930384,914.8798656,5469.100751,560.0731685,939.4266999,1.832415577,8.385268576,325.967039,22235.4994,1.27759628,325.967039,22235.4994,218.3414898,5469.100751,465.110045,1.892929159,4.065659129,4970.691456,2.908655226e-05,164.5567967,0.020179052,3.2159233,0.66727826,0.49493102,0.33025671,1.9228657,0.49185839,0.011026881,0.0024770041,276.47214,276.47214,108.63418,59.718177,42.845212,0.15640994,0.165461,1.0381186,0.97411728,7.1648695,23.04167,0.14458028,7.0202892,0.041189265,0.60930865
1.5,442.56348,216.65,5469.100751,314.1425,20077.23636,402.0394635,43671.81059,716.399899,269460.2546,2.17519034,6.170118687,13.42118257,1305,269460.2546,4.154165705,1050.96711,95016.52656,914.8798661,48733.3946,1.949721076,2.835930384,914.8798661,5469.100751,552.2731116,949.6967238,1.832415577,8.91067779,337.9712812,25277.03936,1.258989885,337.9712812,25277.03936,218.2398244,5469.100751,490.5713283,1.892929159,4.621790768,5096.175099,2.977054693e-05,152.8642546,0.019926412,3.3786109,0.69096556,0.50033847,0.34571666,1.9680835,0.45690952,0.010656309,0.0024192141,293.7955,293.79549,115.44105,63.460034,47.833103,0.16621037,0.18472339,1.0032313,0.95139051,7.6138102,25.724102,0.15171592,7.4620943,0.040663094,0.60152506
1.6,472.06771,216.65,5469.100751,327.5748,23245.94431,413.3896391,48378.44085,727.7500746,287318.2956,2.081156188,5.938973859,12.3599322,1305,287318.2956,3.983822931,1050.96711,101313.5926,914.8798676,51963.12161,1.949721061,2.835930384,914.8798676,5469.100751,544.1550849,960.2687693,1.832415577,9.501218569,350.8391193,28854.22441,1.241258439,350.8391193,28854.22441,218.1415758,5469.100751,516.4514134,1.892929159,5.275862656,5242.596504,3.043385312e-05,141.9241651,0.019653177,3.5500846,0.7130685,0.50588016,0.36072721,2.0119336,0.42420971,0.010307895,0.0023612265,313.26632,313.26632,123.09172,67.665745,53.591714,0.17722569,0.20696218,0.97043008,0.92858607,8.1184031,28.821018,0.15955241,7.9588507,0.040094335,0.59311146
1.7,501.57194,216.65,5469.100751,341.8737,26995.4406,425.6128774,53828.21546,739.9733129,307357.6802,1.993974326,5.709973432,11.38554042,1305,307357.6802,3.817199159,1050.96711,108379.8396,914.8798646,55587.35559,1.949721092,2.835930384,914.8798646,5469.100751,535.7542033,971.0879954,1.832415577,10.16389314,364.5753095,33055.47002,1.224483436,364.5753095,33055.47002,218.0473683,5469.100751,542.6980391,1.892929159,6.044041155,5409.62576,3.107888246e-05,131.704107,0.019358924,3.7295139,0.73373516,0.51151698,0.37531799,2.0545754,0.39366208,0.0099825149,0.0023034983,335.11548,335.11547,131.67691,72.385179,60.227101,0.18958653,0.23258693,0.9397974,0.90588365,8.6846315,32.389454,0.16812512,8.5165064,0.039482181,0.58405593
1.8,531.07617,216.65,5469.100751,357.0392,31424.33889,438.7251411,60133.642,753.0855766,329815.2264,1.913600862,5.484703992,10.49553429,1305,329815.2264,3.655060845,1050.96711,116298.7738,914.8798656,59648.92875,1.949721081,2.835930384,914.8798656,5469.100751,527.1059307,982.1013359,1.832415577,10.90653317,379.1841791,37982.9962,1.208712647,379.1841791,37982.9962,217.9576537,5469.100751,569.2673502,1.892929159,6.945016727,5596.925628,3.170808483e-05,122.1692103,0.01904327,3.9159758,0.75309966,0.5172088,0.38950977,2.096171,0.36516238,0.0096803553,0.0022464455,359.60119,359.60119,141.29807,77.67411,67.85883,0.20343895,0.26205938,0.91135079,0.88344682,9.3191871,36.493711,0.17746779,9.1417193,0.038825912,0.5743478
1.9,560.58041,216.65,5469.100751,373.0713,36646.45242,452.740596,67423.8227,767.1010315,354954.9415,1.839845831,5.264533028,9.685929144,1305,354954.9415,3.497990867,1050.96711,125163.489,914.879868,64195.58768,1.949721056,2.835930384,914.879868,5469.100751,518.2457884,993.2578554,1.832415577,11.73786891,394.6695686,43754.58917,1.19396521,394.6695686,43754.58917,217.8727291,5469.100751,596.1221749,1.892929159,8.000326042,5804.086185,3.232396834e-05,113.2823953,0.018705872,4.1084703,0.77128364,0.52291448,0.40331538,2.1368861,0.33859979,0.0094010667,0.0021904382,387.0113,387.0113,152.06833,83.594714,76.621216,0.21894581,0.29589824,0.88505734,0.86142115,10.029529,41.206024,0.1876111,9.8419184,0.038124904,0.56397788
2,590.08464,216.65,5469.100751,389.97,42792.70027,467.6714624,75846.43221,782.0318979,383070.3069,1.772415195,5.050604172,8.95176758,1305,383070.3069,3.346411262,1050.96711,135077.472,914.8798663,69280.40826,1.949721073,2.835930384,914.8798663,5469.100751,509.2090404,1004.509118,1.832415577,12.66760504,411.0347908,50505.53235,1.180237086,411.0347908,50505.53235,217.7927566,5469.100751,623.2306866,1.892929159,9.234705053,6030.55682,3.292912354e-05,105.0048681,0.018346438,4.3059379,0.78839745,0.52859186,0.41674047,2.1768919,0.31385835,0.0091439036,0.0021357981,417.66579,417.66579,164.1134,90.216106,86.664635,0.23628812,0.33468423,0.86084688,0.83993315,10.823951,46.607261,0.19858095,10.62537,0.037378642,0.55293848
2.1,619.58887,216.65,5469.100751,407.7353,50013.19399,483.5279509,85569.87473,797.8883863,414486.7571,1.71094601,4.843839709,8.287548225,1305,414486.7571,3.200605883,1050.96711,146155.4767,914.8798668,74962.24924,1.949721068,2.835930384,914.8798668,5469.100751,500.03036,1015.809533,1.832415577,13.70650362,428.2826139,58390.71684,1.167506258,428.2826139,58390.71684,217.7177847,5469.100751,650.5653747,1.892929159,10.67647489,6275.574254,3.352625212e-05,97.29675282,0.017964722,4.5072797,0.80454093,0.53419768,0.4297839,2.2163671,0.29081889,0.0089078429,0.0020827972,451.9195,451.9195,177.5727,97.61493,98.1569,0.25566664,0.37906543,0.8386231,0.81908979,11.711647,52.787671,0.21039648,11.501251,0.036586713,0.54122357
2.2,649.0931,216.65,5469.100751,426.3672,58479.51381,500.3182999,96785.64432,814.6787354,449564.4088,1.655035037,4.644949279,7.687553803,1305,449564.4088,3.060742008,1050.96711,158524.4868,914.8798671,81306.23894,1.949721066,2.835930384,914.8798671,5469.100751,490.7434866,1027.116623,1.832415577,14.86647305,446.4152712,67586.94362,1.155737102,446.4152712,67586.94362,217.6477686,5469.100751,678.1022639,1.892929159,12.3579628,6538.085471,3.411820086e-05,90.11776983,0.017560524,4.711378,0.81980418,0.53968741,0.442438,2.2554999,0.26936099,0.0086916826,0.002031658,490.16505,490.16505,192.60053,105.876,111.28472,0.27730348,0.42976286,0.81827284,0.79897856,12.702794,59.847664,0.22306771,12.479726,0.035748815,0.52882863
2.3,678.59733,216.65,5469.100751,445.8657,68387.18391,518.0488591,109710.8785,832.4092946,488700.9916,1.604260802,4.454444247,7.1460903,1305,488700.9916,2.926890317,1050.96711,172324.749,914.8798663,88384.30858,1.949721073,2.835930384,914.8798663,5469.100751,481.3809059,1038.391263,1.832415577,16.16066564,465.4344842,78295.42295,1.14488444,465.4344842,78295.42295,217.5825903,5469.100751,705.8203076,1.892929159,14.31595915,6816.663398,3.470800534e-05,83.42788005,0.017133692,4.9171161,0.83426807,0.54501495,0.45468857,2.294491,0.24936498,0.0084941195,0.0019825554,532.8361,532.83609,209.36726,115.09297,126.25522,0.30144399,0.48757641,0.79967339,0.77966824,13.808629,67.89863,0.23659279,13.572036,0.034864746,0.51575068
2.4,708.10157,216.65,5469.100751,466.2308,79958.35643,536.7242291,124591.1275,851.0846645,532335.0275,1.558200206,4.272655992,6.657653449,1305,532335.0275,2.799042877,1050.96711,187710.8939,914.8798657,96275.76776,1.94972108,2.835930384,914.8798657,5469.100751,471.9735598,1049.597836,1.832415577,17.60358277,485.3415,90744.48319,1.134896799,485.3415,90744.48319,217.5220763,5469.100751,733.700921,1.892929159,16.59221275,7109.414327,3.529894606e-05,77.18785836,0.016684116,5.1233976,0.84800475,0.55013221,0.46651473,2.3335571,0.23071363,0.0083138097,0.0019356194,580.41077,580.41076,228.06077,125.36913,143.29755,0.32835864,0.55339102,0.78269823,0.76121,15.041542,77.063803,0.25095483,14.790588,0.033934397,0.50198811
2.5,737.6058,216.65,5469.100751,487.4625,93444.71362,556.3474357,141703.3465,870.7078712,580949.2606,1.516440482,4.099756815,6.217037199,1305,580949.2606,2.67712901,1050.96711,204853.1459,914.8798673,105067.9247,1.949721064,2.835930384,914.8798673,5469.100751,462.5505997,1060.704325,1.832415577,19.21118835,506.137139,105192.4983,1.125719095,506.137139,105192.4983,217.4660133,5469.100751,761.7276171,1.892929159,19.23396608,7413.875501,3.589462213e-05,71.35976892,0.016211722,5.3291636,0.86107811,0.55498843,0.47788839,2.3729363,0.21329354,0.0081494134,0.0018909393,633.4154,633.41541,248.88788,136.81817,162.66455,0.35834521,0.62818312,0.76722125,0.7436389,16.415176,87.479156,0.26611826,16.149057,0.032957745,0.48754061
2.6,767.11003,216.65,5469.100751,509.5608,109130.598,576.9201274,161359.1238,891.2805629,635074.3505,1.478587369,3.935782098,5.819397697,1305,635074.3505,2.561029027,1050.96711,223938.6249,914.8798675,114856.7502,1.949721062,2.835930384,914.8798675,5469.100751,453.1391906,1071.682312,1.832415577,21.00103022,527.8218481,121931.0446,1.117294755,527.8218481,121931.0446,217.4141613,5469.100751,789.8857198,1.892929159,22.29453252,7726.901473,3.649904965e-05,65.90733445,0.015716471,5.5334072,0.87354415,0.55952924,0.4887735,2.4128941,0.19699627,0.0079996278,0.0018485676,692.42859,692.42859,272.07593,149.56506,184.6345,0.39173103,0.71302738,0.75311978,0.72697562,17.944522,99.294348,0.28202456,17.662498,0.031934844,0.47240894
2.7,796.61426,216.65,5469.100751,532.5257,127336.3799,598.4427682,183908.1435,912.8032037,695292.8089,1.444270237,3.780652643,5.460284088,1305,695292.8089,2.450585953,1050.96711,245172.7351,914.8798664,125747.5947,1.949721073,2.835930384,914.8798664,5469.100751,443.7643732,1082.506938,1.832415577,22.99237121,550.395753,141288.2939,1.109567381,550.395753,141288.2939,217.3662653,5469.100751,818.1621296,1.892929159,25.83391682,8044.537603,3.71167945e-05,60.79620016,0.015198351,5.7351858,0.88545126,0.56369541,0.49912481,2.4537322,0.18171915,0.0078632084,0.001808525,758.08544,758.08544,297.87447,163.74699,209.51296,0.42887541,0.80910379,0.74027666,0.71122833,19.646042,112.6737,0.29858745,19.347455,0.030865812,0.45659485
2.8,826.11849,216.65,5469.100751,556.3572,148422.0726,620.9148344,209741.9055,935.2752698,762243.2154,1.413144971,3.634196102,5.135645946,1305,762243.2154,2.345615371,1050.96711,268780.6512,914.8798673,137855.9509,1.949721064,2.835930384,914.8798673,5469.100751,434.4489778,1093.156789,1.832415577,25.20632864,573.8587118,163632.6564,1.102481954,573.8587118,163632.6564,217.3220635,5469.100751,846.5451336,1.892929159,29.91948108,8361.879433,3.775315348e-05,55.99410386,0.014657376,5.9336307,0.89684047,0.56742107,0.50888618,2.4958009,0.16736574,0.0077389829,0.0017708053,831.08221,831.08221,326.55709,179.51434,237.63464,0.47017223,0.91770497,0.72858154,0.6963945,21.537778,127.79722,0.31568732,21.222091,0.029750822,0.44010091
2.9,855.62273,216.65,5469.100751,581.0553,172791.2042,644.3350028,239297.7103,958.6954383,836624.7196,1.384895206,3.49616684,4.841824695,1305,836624.7196,2.245913599,1050.96711,295008.9058,914.8798676,151308.2624,1.94972106,2.835930384,914.8798676,5469.100751,425.2135892,1103.613726,1.832415577,27.66602213,598.2103658,189376.6821,1.095985662,598.2103658,189376.6821,217.2812945,5469.100751,875.0242473,1.892929159,34.62665816,8672.9164,3.841440449e-05,51.47096433,0.014093577,6.1279531,0.90774548,0.57063138,0.51798806,2.5395151,0.15384613,0.0076258596,0.0017353794,912.18118,912.18119,358.4233,197.03178,269.36538,0.51605275,1.0402438,0.71793161,0.68246278,23.639486,144.86166,0.33316492,23.306321,0.028590091,0.42293034
3,885.12696,216.65,5469.100751,606.62,200894.9564,668.7013152,273062.9071,983.0617507,919201.8015,1.359232267,3.366263882,4.575534488,1305,919201.8015,2.151264383,1050.96711,324127.0684,914.8798678,166242.79,1.949721058,2.835930384,914.8798678,5469.100751,416.0765589,1113.862692,1.832415577,30.39673203,623.4501841,218981.2281,1.090028503,623.4501841,218981.2281,217.2437029,5469.100751,903.590077,1.892929159,40.03971366,8970.358234,3.910815808e-05,47.19890237,0.013507002,6.3174488,0.91819262,0.57323929,0.52634409,2.5853781,0.14107698,0.0075228295,0.0017022004,1002.2159,1002.2159,393.80064,216.47934,305.10425,0.56698853,1.1782613,0.70823191,0.66941463,25.972766,164.08162,0.35081419,25.621952,0.027383877,0.40508694
3.1,914.63119,216.65,5469.100751,633.0513,233236.58,694.0113293,311579.4298,1008.371765,1010809.337,1.335894352,3.244146567,4.333837075,1305,1010809.337,2.061444309,1050.96711,356429.5312,914.8798665,182810.5242,1.949721072,2.835930384,914.8798665,5469.100751,407.0540545,1123.891485,1.832415577,33.42606629,649.5775046,252959.9053,1.084563596,649.5775046,252959.9053,217.2090422,5469.100751,932.2342031,1.892929159,46.25255902,9245.44266,3.984385998e-05,43.15220978,0.012897708,6.5014997,0.92820034,0.57514113,0.53384619,2.6340141,0.12898146,0.0074289671,0.0016712068,1102.0966,1102.0966,433.04676,238.05364,345.28559,0.62349453,1.3334348,0.6993953,0.65722595,28.561208,185.69069,0.36837412,28.192834,0.026132465,0.38657492
3.2,944.13542,216.65,5469.100751,660.3492,270376.0963,720.2622455,355448.6149,1034.622681,1112357.943,1.314645118,3.12944796,4.114113482,1305,1112357.943,1.976227123,1050.96711,392237.3938,914.8798678,201176.1591,1.949721059,2.835930384,914.8798678,5469.100751,398.1601408,1133.690523,1.832415577,36.78413842,676.5915683,291883.8109,1.079547398,676.5915683,291883.8109,217.1770781,5469.100751,960.9490753,1.892929159,53.36961672,9487.722723,4.063352536e-05,39.30727907,0.012265764,6.6795737,0.93777842,0.5762104,0.54035768,2.6862177,0.11748901,0.0073434272,0.0016423265,1212.8162,1212.8162,476.55179,261.96915,390.38126,0.68613246,1.5075867,0.6913422,0.64586837,31.430544,209.94263,0.38551962,31.045024,0.024836162,0.36739885
3.3,973.63965,216.65,5469.100751,688.5137,312935.2953,747.451023,405336.334,1061.811458,1224839.65,1.295272026,3.021785976,3.914034844,1305,1224839.65,1.895387122,1050.96711,431900.4643,914.8798687,221519.1063,1.949721049,2.835930384,914.8798687,5469.100751,389.4068844,1143.252584,1.832415577,40.50375307,704.4915509,336386.5613,1.074939666,704.4915509,336386.5613,217.14759,5469.100751,989.727923,1.892929159,61.50674062,9684.832197,4.149283917e-05,35.64250578,0.011611242,6.8512228,0.94692646,0.57628908,0.54570338,2.7430255,0.10653504,0.0072654417,0.0016154797,1335.4562,1335.4562,524.74074,288.45949,440.90294,0.75551422,1.7026929,0.68400031,0.63531049,34.608802,237.11262,0.40185119,34.206951,0.023495294,0.34756352
3.4,1003.1439,216.65,5469.100751,717.5448,361603.0395,775.5744689,461978.4236,1089.934904,1349333.868,1.277584459,2.920772483,3.731533533,1305,1349333.868,1.818701773,1050.96711,475799.3621,914.8798647,244034.5773,1.94972109,2.835930384,914.8798647,5469.100751,380.8044759,1152.572565,1.832415577,44.62060371,733.2765867,387169.6291,1.070703468,733.2765867,387169.6291,217.1203713,5469.100751,1018.564673,1.892929159,70.79219176,9822.227284,4.244285483e-05,32.13817265,0.01093422,7.0160801,0.95563124,0.5751748,0.549655,2.8058295,0.096060632,0.0071943143,0.0015905815,1471.1936,1471.1936,578.07603,317.77886,497.4044,0.83230562,1.9208921,0.67730406,0.6255189,38.126483,267.49846,0.41688336,37.7096,0.022110198,0.32707394
3.5,1032.6481,216.65,5469.100751,747.4425,417140.8836,804.6293055,526186.4231,1118.989741,1487013.644,1.261411777,2.826020549,3.564775602,1305,1487013.644,1.745953702,1050.96711,524347.7247,914.8798656,268934.7363,1.949721081,2.835930384,914.8798656,5469.100751,372.3613651,1161.647257,1.832415577,49.17348364,762.9457873,445007.9945,1.066805028,762.9457873,445007.9945,217.0952306,5469.100751,1047.453874,1.892929159,81.36767171,9882.903063,4.351270843e-05,28.77632379,0.010234777,7.1738552,0.9638623,0.57260191,0.55190939,2.8765559,0.086012104,0.0071294153,0.0015675438,1621.3074,1621.3074,637.06023,350.20355,560.484,0.91723023,2.1644949,0.67119419,0.616459,42.016733,301.42196,0.43003188,41.586701,0.020681221,0.30593522
3.6,1062.1523,216.65,5469.100751,778.2068,480389.0195,834.6122434,598853.6781,1148.972679,1639152.33,1.246601512,2.737149975,3.412135298,1305,1639152.33,1.676932147,1050.96711,577994.5584,914.8798686,296449.8734,1.94972105,2.835930384,914.8798686,5469.100751,364.0843979,1170.475089,1.832415577,54.20450031,793.4982608,510756.1317,1.063213588,793.4982608,510756.1317,217.0719908,5469.100751,1076.390637,1.892929159,93.38941719,9847.082728,4.474413628e-05,25.54063437,0.0095129906,7.3243295,0.97156445,0.56821228,0.55205485,2.9579636,0.076340665,0.0070701763,0.0015462774,1787.1859,1787.1859,702.23887,386.03342,630.78717,1.0110735,2.4359939,0.66561718,0.60809569,46.315531,339.23021,0.44059922,45.874932,0.019208714,0.28415257
3.7,1091.6566,216.65,5469.100751,809.8377,552272.5575,865.5200244,680961.7561,1179.88046,1807130.524,1.233017551,2.653791505,3.272171502,1305,1807130.524,1.611433995,1050.96711,637226.6872,914.8798659,326829.6653,1.949721078,2.835930384,914.8798659,5469.100751,355.9789591,1179.055917,1.832415577,59.75930599,824.9331239,585354.3261,1.059901162,824.9331239,585354.3261,217.050489,5469.100751,1105.37057,1.892929159,107.029355,9691.877859,4.61993699e-05,22.41628047,0.0087689407,7.4673503,0.97864434,0.56150889,0.5495175,3.0541668,0.067002007,0.0070160851,0.0015266933,1970.3344,1970.3344,774.20338,425.59362,709.00894,1.114687,2.7380732,0.66052479,0.60039396,51.061886,381.29699,0.44775865,50.614127,0.017693031,0.26173122
3.8,1121.1608,216.65,5469.100751,842.3352,633808.1522,897.3494482,773587.1904,1211.709884,1992443.331,1.220538404,2.57558987,3.143606349,1305,1992443.331,1.549264473,1050.96711,702571.3122,914.8798672,360344.5256,1.949721065,2.835930384,914.8798672,5469.100751,348.0491128,1187.39085,1.832415577,65.88734456,857.2495091,669835.3319,1.056842407,857.2495091,669835.3319,217.0305759,5469.100751,1134.389728,1.892929159,122.4763197,9390.918108,4.797577515e-05,19.38981285,0.0080027038,7.6028258,0.9849456,0.55177905,0.54347235,3.1716021,0.05795593,0.0069666798,0.0015087037,2172.383,2172.383,853.59433,469.23626,795.89665,1.2289929,3.0736189,0.65587356,0.59331929,56.298044,428.02422,0.45053658,55.847508,0.016134528,0.23867644
3.9,1150.665,216.65,5469.100751,875.6993,726110.9834,930.0974128,877908.6386,1244.457848,2196708.091,1.209055721,2.502205804,3.025306242,1305,2196708.091,1.490237574,1050.96711,774598.736,914.8798674,397286.9509,1.949721062,2.835930384,914.8798674,5469.100751,340.2977368,1195.482031,1.832415577,72.64209767,890.4465754,765331.4006,1.054014357,890.4465754,765331.4006,217.0121152,5469.100751,1163.444569,1.892929159,139.937338,8913.947694,5.023507936e-05,16.44903544,0.0072143547,7.7307181,0.99019948,0.53796086,0.53268856,3.3209611,0.04916598,0.0069215447,0.0014922228,2395.0951,2395.0951,941.1046,517.34224,892.25265,1.354989,3.4457296,0.65162434,0.58683796,62.069705,479.84339,0.44779287,61.621912,0.01453356,0.21499349
4,1180.1693,216.65,5469.100751,909.93,830402.103,963.7609252,995214.3545,1278.121361,2421672.359,1.198472825,2.433317353,2.916264723,1305,2421672.359,1.434176255,1050.96711,853925.1783,914.8798684,437972.9999,1.949721052,2.835930384,914.8798684,5469.100751,332.7266528,1203.332497,1.832415577,80.08135521,924.5235114,873081.6607,1.051396256,924.5235114,873081.6607,216.994982,5469.100751,1192.531905,1.892929159,159.6389791,8226.387508,5.326752685e-05,13.5828916,0.0064039655,7.8510382,0.99391794,0.51839737,0.51524444,3.5214314,0.040599108,0.0068803053,0.0014771678,2640.3762,2640.3762,1037.4829,570.32312,998.93708,1.493753,3.8577269,0.64774188,0.58091738,68.426247,537.21707,0.43819932,67.988047,0.012890481,0.19068759
4.1,1209.6735,216.65,5469.100751,945.0273,948016.1554,998.3371189,1126910.072,1312.697554,2669222.341,1.188703447,2.368620538,2.815587398,1305,2669222.341,1.380912488,1050.96711,941215.749,914.8798672,482743.7965,1.949721065,2.835930384,914.8798672,5469.100751,325.3367485,1210.946015,1.832415577,88.26749012,959.47954,994439.883,1.048969345,959.47954,994439.883,216.9790632,5469.100751,1221.648869,1.892929159,181.8287737,7288.860072,5.7651789e-05,10.78135755,0.005571605,7.9638397,0.99513223,0.49034995,0.48796304,3.811268,0.032225355,0.0068426242,0.0014634589,2910.2826,2910.2826,1143.5372,628.6231,1116.8708,1.6464485,4.3131669,0.64419442,0.57552614,75.420965,600.64047,0.42021582,75.000749,0.011205643,0.16576396
4.2,1239.1777,216.65,5469.100751,980.9912,1080409.483,1033.823258,1274527.251,1348.183693,2941391.659,1.179670552,2.307829555,2.722478564,1305,2941391.659,1.330287163,1050.96711,1037187.54,914.8798657,531967.1368,1.949721079,2.835930384,914.8798657,5469.100751,318.128092,1218.326959,1.832415577,97.26775222,995.3139195,1130882.624,1.046716676,995.3139195,1130882.624,216.9642553,5469.100751,1250.792879,1.892929159,206.7767034,6056.675793,6.473258753e-05,8.035344478,0.0047173392,8.0692138,0.99163581,0.44894173,0.4451867,4.2793683,0.024017553,0.0068081975,0.0014510197,3207.0319,3207.0318,1260.1388,692.72114,1247.0382,1.8143299,4.8158515,0.64095334,0.57063425,83.111321,670.64302,0.39206429,82.719257,0.009479396,0.14022775
4.3,1268.682,216.65,5469.100751,1017.8217,1229168.629,1070.216743,1439731.736,1384.577178,3240370.548,1.171305305,2.250676614,2.636229458,1305,3240370.548,1.282149909,1050.96711,1142612.867,914.8798686,586039.1501,1.94972105,2.835930384,914.8798686,5469.100751,311.1000366,1225.480192,1.832415577,107.154572,1032.025945,1284017.767,1.04462296,1032.025945,1284017.767,216.9504645,5469.100751,1279.961607,1.892929159,234.7767623,4479.277915,7.851712524e-05,5.336608392,0.0038412307,8.1672836,0.97712891,0.3845635,0.37576811,5.1906421,0.015951062,0.006776751,0.0014397776,3533.0118,3533.0119,1388.2262,763.13306,1390.4903,1.9987482,5.3698397,0.63799284,0.56621312,91.559204,747.78998,0.35170003,91.207504,0.0077120853,0.1140841
4.4,1298.1862,216.65,5469.100751,1055.5188,1396019.236,1107.515117,1624332.843,1421.875552,3568515.496,1.163546175,2.196911496,2.556207968,1305,3568515.496,1.236358841,1050.96711,1258322.671,914.8798661,645385.9924,1.949721076,2.835930384,914.8798661,5469.100751,304.2513175,1232.410947,1.832415577,118.00587,1069.614951,1455593.481,1.042674371,1069.614951,1455593.481,216.9376057,5469.100751,1309.152957,1.892929159,266.148595,2499.643491,0.0001187290706,2.677667335,0.0029433386,8.2581995,0.92366188,0.27529508,0.25427957,7.8489898,0.0080035172,0.0067480375,0.0014296635,3890.7919,3890.7919,1528.8086,840.4138,1548.3481,2.2011569,5.97946,0.63528962,0.56223561,100.8312,832.68413,0.29678035,100.53442,0.0059040548,0.087338089
4.5,1327.6904,216.65,5469.100751,1094.0825,1582835.373,1145.716055,1830292.787,1460.07649,3928359.162,1.156338061,2.146300957,2.481849488,1305,3928359.162,1.192780252,1050.96711,1385210.012,914.879868,710465.7396,1.949721056,2.835930384,914.879868,5469.100751,297.5801403,1239.124767,1.832415577,129.9054035,1108.080306,1647507.562,1.040858489,1108.080306,1647507.562,216.9256013,5469.100751,1338.365031,1.892929159,301.2392049,53.64008057,0.004187735782,0.05172789174,0.0020237188,8.3421347,0.12733228,0.05790427,0.0073730826,276.84454,0.00015461408,0.0067218334,0.0014206122,4283.1334,4283.1335,1682.9714,925.15985,1721.8053,2.4231182,6.6493224,0.63282266,0.55867608,110.99886,925.96744,0.22463049,110.77423,0.0040556452,0.059994751
4.6,1357.1947,216.65,5469.100751,1133.5128,1791649.273,1184.817371,2059736.654,1499.177806,4322620.928,1.149631619,2.098627958,2.412649057,1305,4322620.928,1.151288278,1050.96711,1524233.794,914.8798651,781770.1743,1.949721086,2.835930384,914.8798651,5469.100751,291.0842598,1245.627393,1.832415577,142.9430925,1147.421419,1861817.243,1.039163896,1147.421419,1861817.243,216.914381,5469.100751,1367.59612,1.892929159,340.4247477,-2930.667942,-4.511129764e-05,-2.547383764,0.0010824241,8.419281,1.2580169,-0.55616273,-0.69966213,-2.9822361,-0.007614101,0.006697937,0.0014125623,4713.0014,4713.0014,1851.8794,1018.0116,1912.1318,2.6663095,7.3843312,0.63057294,0.5555103,122.13903,1028.3229,0.13220623,122.00683,0.002167194,0.032059083
4.7,1386.6989,216.65,5469.100751,1173.8097,2024661.508,1224.817003,2314962.666,1539.177439,4754217.651,1.143382564,2.053690852,2.348154312,1305,4754217.651,1.111764539,1050.96711,1676422.552,914.8798666,859826.8628,1.949721071,2.835930384,914.8798666,5469.100751,284.7610523,1251.92473,1.832415577,157.2154001,1187.63773,2100749.395,1.037580546,1187.63773,2100749.395,216.9038809,5469.100751,1396.844672,1.892929159,384.1123962,-6533.761032,-2.457001823e-06,-5.125281451,0.00011950397,8.4898454,1.1643262,-11.272846,-13.12527,-0.16242848,-0.015319408,0.0066761653,0.0014054555,5183.5761,5183.5761,2036.7823,1119.6561,2120.6769,2.93253,8.1896973,0.62852326,0.55271548,134.33414,1140.4761,0.016053463,134.31808,0.00023903651,0.003536043
4.8,1416.2031,216.65,5469.100751,1214.9732,2284251.619,1265.713022,2598453.049,1580.073458,5226275.105,1.137551147,2.011302497,2.287959462,1305,5226275.105,1.074097766,1050.96711,1842878.49,914.879866,945201.0915,1.949721077,2.835930384,914.879866,5469.100751,278.6075788,1258.022762,1.832415577,172.8256864,1228.728716,2366711.208,1.036099168,1228.728716,2366711.208,216.894043,5469.100751,1426.109285,1.892929159,432.7422945,-10845.46214,1.177782677e-05,-7.687075303,-0.00086499506,8.554046,1.1419664,2.4487171,2.7963526,0.77861337,-0.022976581,0.0066563528,0.0013992376,5698.2655,5698.2655,2239.0192,1230.8294,2348.8729,3.2237078,9.0709518,0.62665803,0.55027017,147.67249,1263.1973,-0.12773597,147.80023,-0.001728495,-0.025569452
4.9,1445.7074,216.65,5469.100751,1257.0033,2572989.178,1307.503612,2912885.205,1621.864047,5742139.651,1.132101615,1.971289373,2.231699884,1305,5742139.651,1.038183432,1050.96711,2024781.597,914.8798688,1038498.096,1.949721049,2.835930384,914.8798688,5469.100751,272.6206428,1263.927522,1.832415577,189.884616,1270.693885,2662301.303,1.034711427,1270.693885,2662301.303,216.8848146,5469.100751,1455.388688,1.892929159,486.7895883,-15965.78728,1.901390542e-05,-10.23742003,-0.0018710293,8.6121101,1.1350407,1.5578627,1.7682375,1.256979,-0.030599532,0.0066383494,0.0013938571,6260.7184,6260.7184,2460.0237,1352.3196,2598.2383,3.541907,10.033959,0.62496311,0.54815425,162.24865,1397.3032,-0.30357197,162.55222,-0.0037350702,-0.055252517
5,1475.2116,216.65,5469.100751,1299.9,2893645.338,1350.187076,3261143.495,1664.547511,6305390.585,1.127001797,1.933490689,2.179047482,1305,6305390.585,1.003923379,1050.96711,2223393.995,914.8798664,1140365.166,1.949721073,2.835930384,914.8798664,5469.100751,266.79684,1269.645035,1.832415577,208.5105427,1313.532777,2990321.325,1.033409756,1313.532777,2990321.325,216.8761477,5469.100751,1484.681725,1.892929159,546.7665455,-22005.85738,2.346729366e-05,-12.78056049,-0.0028985579,8.6642703,1.1339032,1.2892789,1.4619175,1.5513854,-0.03820095,0.0066220186,0.0013892663,6874.8371,6874.8371,2701.3294,1484.9697,2870.3817,3.8893354,11.084931,0.62342565,0.54634883,178.16374,1543.6588,-0.51641792,178.68016,-0.0057803611,-0.0855083
